datetime,left,right,f_left,f_right,status,execute_id
20260927_074346,-100,-93,-195,-181,invalid,20260927_074346
20260927_074347,-93,-86,-181,-167,invalid,20260927_074346
20260927_074348,-86,-79,-167,-153,invalid,20260927_074346
20260927_074349,-79,-72,-153,-139,invalid,20260927_074346
20260927_074350,-72,-65,-139,-125,invalid,20260927_074346
20260927_074351,-65,-58,-125,-111,invalid,20260927_074346
20260927_074352,-58,-51,-111,-97,invalid,20260927_074346
20260927_074353,-51,-44,-97,-83,invalid,20260927_074346
20260927_074354,-44,-37,-83,-69,invalid,20260927_074346
20260927_074355,-37,-30,-69,-55,invalid,20260927_074346
20260927_074356,-30,-23,-55,-41,invalid,20260927_074346
20260927_074357,-23,-16,-41,-27,invalid,20260927_074346
20260927_074358,-16,-9,-27,-13,invalid,20260927_074346
20260927_074359,-9,-2,-13,1,valid,20260927_074346
20260927_075357,-50,-47,-95,-89,invalid,20260927_075357
20260927_075358,-47,-44,-89,-83,invalid,20260927_075357
20260927_075359,-44,-41,-83,-77,invalid,20260927_075357
20260927_075400,-41,-38,-77,-71,invalid,20260927_075357
20260927_075401,-38,-35,-71,-65,invalid,20260927_075357
20260927_075402,-35,-32,-65,-59,invalid,20260927_075357
20260927_075403,-32,-29,-59,-53,invalid,20260927_075357
20260927_075404,-29,-26,-53,-47,invalid,20260927_075357
20260927_075405,-26,-23,-47,-41,invalid,20260927_075357
20260927_075406,-23,-20,-41,-35,invalid,20260927_075357
20260927_075407,-20,-17,-35,-29,invalid,20260927_075357
20260927_075408,-17,-14,-29,-23,invalid,20260927_075357
20260927_075409,-14,-11,-23,-17,invalid,20260927_075357
20260927_075410,-11,-8,-17,-11,invalid,20260927_075357
20260927_075411,-8,-5,-11,-5,invalid,20260927_075357
20260927_075412,-5,-2,-5,1,valid,20260927_075357
20260927_075803,-50,-47,104,98,invalid,20260927_075803
20260927_075804,-47,-44,98,92,invalid,20260927_075803
20260927_075805,-44,-41,92,86,invalid,20260927_075803
20260927_075806,-41,-38,86,80,invalid,20260927_075803
20260927_075807,-38,-35,80,74,invalid,20260927_075803
20260927_075808,-35,-32,74,68,invalid,20260927_075803
20260927_075809,-32,-29,68,62,invalid,20260927_075803
20260927_075810,-29,-26,62,56,invalid,20260927_075803
20260927_075811,-26,-23,56,50,invalid,20260927_075803
20260927_075812,-23,-20,50,44,invalid,20260927_075803
20260927_075813,-20,-17,44,38,invalid,20260927_075803
20260927_075814,-17,-14,38,32,invalid,20260927_075803
20260927_075815,-14,-11,32,26,invalid,20260927_075803
20260927_075816,-11,-8,26,20,invalid,20260927_075803
20260927_075817,-8,-5,20,14,invalid,20260927_075803
20260927_075818,-5,-2,14,8,invalid,20260927_075803
20260927_075819,-2,1,8,2,invalid,20260927_075803
20260927_075820,1,4,2,-4,valid,20260927_075803
20260927_212845,-75,-68,-231,-210,invalid,20260927_212845
20260927_212846,-68,-61,-210,-189,invalid,20260927_212845
20260927_212847,-61,-54,-189,-168,invalid,20260927_212845
20260927_212848,-54,-47,-168,-147,invalid,20260927_212845
20260927_212849,-47,-40,-147,-126,invalid,20260927_212845
20260927_212850,-40,-33,-126,-105,invalid,20260927_212845
20260927_212851,-33,-26,-105,-84,invalid,20260927_212845
20260927_212852,-26,-19,-84,-63,invalid,20260927_212845
20260927_212853,-19,-12,-63,-42,invalid,20260927_212845
20260927_212854,-12,-5,-42,-21,invalid,20260927_212845
20260927_212855,-5,2,-21,0,valid,20260927_212845